Cant_muest,ID_CIAT,ID,Cultivar,Location,Fecha,Easting,Northing,Elevation,Longitude,Latitude,Neutral_Detergent,Acid_Detergent,dry_matter,Dry_Weight,Fresh_Weight,Grass_Height,NDVI__handheld,DM_g_m2,Crude_Protein,In_vitro_digestibility,Ash,Blue,Green,Red,NIR,NIR/B,R/B,R/G,R/NIR,G/B,G/R,G/NIR,B/G,B/R,B/NIR,NDVI,LAI,EVI,MSAVI2,GRVI,RVI,GNDVI,SAVI,GOSAVI,DVI,VARI,RDVI,NLI,MSR,GLI,IPVI,coords.x1,coords.x2
1,F18-1086,1,Mombaza,El Eden,9/18/2018,1000179.967,717023.321,622.002,-77.04332048,2.021368945,66.87,34.47,90.9,116.1,426.2,100,0.84,422.1396,7.8,64.37,8.31,1112,1354,1600,3275,2.945143938,1.438848972,1.181683898,0.48854962,1.217625856,0.846249998,0.413435102,0.821270287,0.694999993,0.339541972,0.343589753,0.596101403,0.197374627,0.51145041,2.418759346,2.046875,0.414992452,0.515331745,0.414978087,1675,-0.083276913,0.339541972,0.999701679,0.430690408,-0.000738007,0.671794891,1000179.967,717023.321
2,F18-1087,2,Mombaza,El Eden,9/18/2018,1000177.539,717016.14,623.429,-77.04332834,2.021345568,65.72,33.77,91.19,194.9,626.9,96,0.84,710.91724,6.61,62.9,8.59,1119,1368,1596,3232,2.888293028,1.426273465,1.166666627,0.493811876,1.222520113,0.857142866,0.423267335,0.817982435,0.701127827,0.346225262,0.338856667,0.579951525,0.19291088,0.506188154,2.362573147,2.025062561,0.405217379,0.508232355,0.405203283,1636,-0.07692308,0.346225262,0.999694467,0.423047006,0.003852504,0.669428349,1000177.539,717016.14
3,F18-1088,3,Mombaza,El Eden,9/18/2018,1000181.215,717006.798,623.856,-77.04331644,2.021315151,65.83,33.55,91.35,151.8,474.5,80,0.79,554.6772,6.27,61.14,6.44,1122,1329,1569,3255,2.901069403,1.398395777,1.180586934,0.48202765,1.184491992,0.847036302,0.408294916,0.844243765,0.715105176,0.344700456,0.349502474,0.605256796,0.199905142,0.51797241,2.449209929,2.074569702,0.420157075,0.524199426,0.420142382,1686,-0.082815737,0.344700456,0.999703884,0.440336704,-0.006169377,0.674751222,1000181.215,717006.798
4,F18-1089,4,Mombaza,El Eden,9/18/2018,1000188.665,717003.857,623.369,-77.04329234,2.021305577,67.17,35.29,91.24,132.1,405.7,90,0.86,482.11216,6.65,59.83,8.91,1066,1291,1519,3127,2.933395863,1.424953103,1.176607251,0.485769093,1.211069465,0.849901259,0.412855774,0.825716496,0.701777458,0.340901822,0.346104175,0.600701332,0.198646039,0.514230907,2.422153473,2.058591127,0.415572643,0.519100428,0.415557593,1608,-0.08113879,0.340901822,0.999689341,0.434779108,-0.000580608,0.673052073,1000188.665,717003.857
5,F18-1090,5,Mombaza,El Eden,9/18/2018,1000189.415,716995.306,623.301,-77.04328991,2.021277739,62.08,30.89,90.92,98.8,335.2,70,0.83,359.31584,9.55,65.76,9.51,967,1194,1422,3032,3.135470629,1.470527411,1.190954804,0.468997359,1.234746695,0.839662433,0.393799484,0.80988276,0.680028141,0.318931401,0.361472845,0.655878067,0.213896632,0.53100282,2.539363384,2.132208109,0.434926659,0.542148411,0.434910148,1610,-0.087155961,0.318931401,0.999690711,0.460208267,-0.000209336,0.680736423,1000189.415,716995.306
6,F18-1091,1,Mombaza,California,9/18/2018,996253.021,716941.765,597.792,-77.06402794,2.021103299,60.52,29.83,90.98,7.2,32.1,40,0.77,26.20224,17.05,74.61,10.18,845,1072,1185,3109,3.679290056,1.402366877,1.105410457,0.381151497,1.268639088,0.90464133,0.34480539,0.788246274,0.713080168,0.271791577,0.448067069,0.933039069,0.290502787,0.618850768,2.900186539,2.623628616,0.487204015,0.672022343,0.487185359,1924,-0.05006646,0.271791577,0.999754846,0.619761944,0.02731193,0.724033535,996253.021,716941.765
7,F18-1092,2,Mombaza,California,9/18/2018,996244.895,716935.221,597.586,-77.06405424,2.021081991,67.43,36.26,91.55,29.5,93.8,71,0.55,108.029,7.66,62.04,10.05,896,1099,1222,3081,3.438616037,1.363839269,1.11191988,0.396624476,1.2265625,0.899345338,0.356702358,0.815286636,0.733224213,0.290814668,0.432024181,0.863361955,0.271244317,0.603377283,2.803457737,2.521276712,0.474162668,0.647960961,0.474144518,1859,-0.0529944,0.290814668,0.999742568,0.587852776,0.018535681,0.716012061,996244.895,716935.221
8,F18-1093,3,Mombaza,California,9/18/2018,996229.595,716929.266,597.512,-77.06410375,2.021062603,65.11,34.46,92.09,13.5,39.6,105,0.44,49.7286,7.19,59.32,11.77,866,1096,1249,3047,3.518475771,1.442263246,1.139598489,0.409911394,1.26558888,0.877502024,0.359698057,0.790145993,0.693354666,0.28421399,0.418528855,0.836564183,0.263837516,0.590089917,2.780109406,2.439551592,0.470914811,0.627720237,0.470896602,1798,-0.065245204,0.28421399,0.999731004,0.561906397,0.017877873,0.709264457,996229.595,716929.266
9,F18-1094,4,Mombaza,California,9/18/2018,996221.736,716938.675,597.134,-77.06412918,2.021093236,63.49,32.94,91.86,19.4,55.3,60,0.52,71.28336,8.61,63.13,12.69,845,1067,1185,3053,3.613017797,1.402366877,1.110590458,0.388142824,1.262721896,0.900421917,0.349492311,0.791940033,0.713080168,0.27677694,0.440773964,0.905910611,0.283004582,0.611859262,2.861293316,2.576371193,0.482038826,0.661082923,0.48202011,1868,-0.05239787,0.27677694,0.999745786,0.605107903,0.024975985,0.720386982,996221.736,716938.675
10,F18-1095,5,Mombaza,California,9/18/2018,996211.408,716930.079,597.688,-77.0641626,2.021065249,64.6,34.91,91.78,27.3,80.4,105,0.54,100.22376,7.26,61.95,12.51,905,1096,1266,3034,3.352486134,1.398895025,1.155109525,0.417270929,1.211049676,0.865718782,0.361239284,0.825729907,0.714849949,0.29828608,0.411162794,0.800078988,0.253753185,0.582730174,2.768248081,2.396524429,0.469249398,0.616672456,0.469231188,1768,-0.071972907,0.29828608,0.999724984,0.548071206,0.004813202,0.705581367,996211.408,716930.079
11,F18-1096,1,Toledo,California,9/18/2018,996251.727,716977.968,599.663,-77.06403213,2.021221164,61.9,29.09,91.4,9.5,32.7,20,0.58,34.732,14.4,69.47,9.03,904,1134,1331,3299,3.649336338,1.472345114,1.173721313,0.403455585,1.25442481,0.851990998,0.343740523,0.797178149,0.679188609,0.27402243,0.425053984,0.867307305,0.272334784,0.596545815,2.909171104,2.478587627,0.488382578,0.637512147,0.488364935,1968,-0.079918861,0.27402243,0.999755442,0.574353039,0.007328448,0.712526977,996251.727,716977.968
12,F18-1097,2,Toledo,California,9/18/2018,996239.501,716976.581,600.757,-77.06407169,2.021216647,76.46,47.27,92.49,94.6,213.2,100,0.51,349.98216,3,46.27,6.57,909,1109,1282,3509,3.860285997,1.410341024,1.155996442,0.365346253,1.220021963,0.865054607,0.31604445,0.819657326,0.70904839,0.259048164,0.464829892,0.999856472,0.308970839,0.63465631,3.164111853,2.73712945,0.519705474,0.697172105,0.519687474,2227,-0.072354667,0.259048164,0.999791801,0.65442723,0.006123838,0.732414961,996239.501,716976.581
13,F18-1098,3,Toledo,California,9/18/2018,996229.777,716976.791,599.939,-77.06410316,2.021217332,*,*,91.33,3.7,16.6,20,0.53,13.51684,10.72,69.63,10.67,700,929,993,3522,5.031428337,1.418571472,1.068891287,0.28194207,1.327142835,0.935548842,0.26377058,0.753498375,0.704934537,0.198750705,0.560132861,1.43483448,0.429196924,0.718064666,3.79117322,3.546827793,0.582565725,0.840106308,0.582544744,2529,-0.033298649,0.198750705,0.999839902,0.883302331,0.046465784,0.780066431,996229.777,716976.791
14,F18-1099,4,Toledo,California,9/18/2018,996216.378,716972.155,599.842,-77.06414652,2.021202235,68.87,39.72,92.17,9.6,24.7,20,0.42,35.39328,5.33,53.71,7.83,778,986,1138,3080,3.95886898,1.462724924,1.154158235,0.36948052,1.267352223,0.866432309,0.320129871,0.789046645,0.68365556,0.252597392,0.460407764,0.997687936,0.308371454,0.630522251,3.123732328,2.706502676,0.515002489,0.690529823,0.514982224,1942,-0.071563087,0.252597392,0.999760091,0.645145178,0.014403292,0.730203867,996216.378,716972.155
15,F18-1100,5,Toledo,California,9/18/2018,996197.577,716966.118,599.174,-77.06420736,2.021182578,67.15,36.01,91.75,6.1,21.7,30,0.56,22.387,8.38,60.56,10.12,926,1136,1299,3416,3.688984871,1.402807832,1.143485904,0.380269319,1.226781845,0.874518871,0.332552701,0.815140843,0.712856054,0.271077275,0.44899258,0.936652184,0.291501433,0.619732797,3.00704217,2.629715204,0.500878751,0.673417449,0.500861108,2117,-0.066940449,0.271077275,0.999777377,0.621639669,0.010451412,0.724496305,996197.577,716966.118
16,F18-1101,1,Cayman,California,9/18/2018,996266.127,716947.912,597.703,-77.06398553,2.021123313,67.54,34.9,91.71,49.1,130.8,40,0.52,180.11844,4.1,56.65,11.19,865,1088,1213,2987,3.453179121,1.40231216,1.114889741,0.406093061,1.25780344,0.896949708,0.364245057,0.795036793,0.713108003,0.289588213,0.422380954,0.839759827,0.264720798,0.593908429,2.745404482,2.462489605,0.466012269,0.633495986,0.465993971,1774,-0.054324206,0.289588213,0.999728143,0.569232225,0.023037141,0.711190462,996266.127,716947.912
17,F18-1102,2,Cayman,California,9/18/2018,996267.455,716938.9,598.085,-77.06398123,2.021093971,66.9,35,91.49,35.5,90.2,40,0.49,129.9158,4.02,54.17,12.07,843,1096,1215,2976,3.530249119,1.44128108,1.108576655,0.408266127,1.300118566,0.902057588,0.368279576,0.769160569,0.693827152,0.283266127,0.420186102,0.842140198,0.265378714,0.591735303,2.715328455,2.449382782,0.461689591,0.630203962,0.461671472,1761,-0.051492859,0.283266127,0.99972564,0.565050364,0.031529412,0.710093081,996267.455,716938.9
18,F18-1103,3,Cayman,California,9/18/2018,996273.136,716926.931,598.279,-77.06396285,2.021055005,69.59,37.23,91.46,65.7,184.5,37,0.5,240.35688,4.2,51.79,10.67,791,996,1092,3179,4.018963337,1.380530953,1.096385598,0.34350425,1.259165645,0.912087917,0.313306063,0.794176698,0.724358976,0.248820379,0.488644332,1.087076068,0.333077967,0.656499624,3.191766977,2.911172152,0.522874236,0.732880712,0.522854209,2087,-0.045977011,0.248820379,0.999783933,0.70621568,0.028129032,0.744322181,996273.136,716926.931
19,F18-1104,4,Cayman,California,9/18/2018,996290.329,716917.473,596.703,-77.06390721,2.021024214,62.41,27.89,91.66,13.3,44.5,35,0.64,48.76312,9.33,65.11,10.24,827,1060,1163,3233,3.909310818,1.406287789,1.097169757,0.3597278,1.281741261,0.911435962,0.327868849,0.78018868,0.711091995,0.255799562,0.470882624,1.022647023,0.315270036,0.64027524,3.049999952,2.77987957,0.506172836,0.706243575,0.506153941,2070,-0.046333782,0.255799562,0.999777496,0.667297065,0.03163017,0.735441327,996290.329,716917.473
20,F18-1105,5,Cayman,California,9/18/2018,996307.942,716909.587,598.019,-77.06385022,2.020998541,62.68,30.59,91.37,18.9,62.6,25,0.57,69.07572,7.72,60.65,11.48,750,962,1057,3172,4.229333401,1.409333348,1.098752618,0.33322826,1.282666683,0.910122991,0.303278685,0.779625773,0.709555328,0.236443877,0.500118256,1.145551801,0.349240422,0.666776121,3.297297239,3.000946045,0.534591198,0.750088692,0.534570456,2115,-0.047052998,0.236443877,0.999789894,0.732323885,0.031358887,0.750059128,996307.942,716909.587
21,F18-1106,1,Mulato II,Villa Paola,9/18/2018,1002192.724,720679.353,635.082,-77.03280712,2.041271803,69.38,38.96,92.52,18.1,53.3,30,0.66,66.98448,10.02,44.83,10.93,703,909,918,3365,4.786628723,1.305832148,1.009901047,0.272808313,1.293029904,0.990196049,0.270133734,0.773377359,0.765795231,0.208915308,0.571328521,1.446564674,0.432439119,0.727199376,3.701870203,3.665577412,0.574637353,0.856892705,0.574615836,2447,-0.004926108,0.208915308,0.999837875,0.914569736,0.057284094,0.78566426,1002192.724,720679.353
22,F18-1107,2,Mulato II,Villa Paola,9/18/2018,1002183.929,720683.215,634.799,-77.03283558,2.041284377,62.99,32.64,92.11,10.9,29.6,34,0.59,40.15996,9.7,57.37,10.22,791,946,1007,3338,4.219974518,1.273072004,1.064481974,0.301677644,1.195954442,0.939424038,0.283403248,0.836152196,0.78550148,0.236968249,0.536478698,1.258817434,0.38054657,0.698328257,3.528541327,3.314796448,0.558356702,0.804625452,0.558335781,2331,-0.031234,0.236968249,0.999819279,0.820658267,0.025474254,0.768239379,1002183.929,720683.215
23,F18-1108,3,Mulato II,Villa Paola,9/18/2018,1002176.363,720684.917,633.046,-77.03286007,2.041289917,59.77,27.41,93.11,15.1,48.6,30,0.72,56.23844,8.67,65.38,10.07,829,988,1054,3377,4.073582649,1.2714113,1.066801667,0.312111348,1.191797376,0.937381387,0.292567372,0.83906883,0.786527514,0.245484158,0.524260879,1.201861501,0.364804178,0.687893867,3.418016195,3.203984737,0.547308147,0.786302626,0.54728806,2323,-0.032321252,0.245484158,0.999815166,0.789967835,0.024099508,0.762130439,1002176.363,720684.917
24,F18-1109,4,Mulato II,Villa Paola,9/18/2018,1002168.081,720686.869,633.399,-77.03288687,2.041296272,*,*,91.8,3.7,12.4,21,0.56,13.5864,11.86,56.13,9.82,686,893,924,3499,5.100583076,1.346938729,1.03471446,0.264075458,1.301749229,0.966450214,0.255215764,0.76819706,0.74242425,0.196056023,0.582184017,1.523473978,0.453696519,0.735932529,3.918253183,3.78679657,0.593351543,0.87317735,0.593329906,2575,-0.01706109,0.196056023,0.999849081,0.945969284,0.051825676,0.791092038,1002168.081,720686.869
25,F18-1110,5,Mulato II,Villa Paola,9/18/2018,1002155.918,720687.574,632.329,-77.03292623,2.041298569,67.78,33.36,92.94,13.7,39.2,29,0.77,50.93112,7.49,59.06,11.31,752,912,1021,3084,4.101063728,1.357712746,1.119517565,0.331063569,1.212765932,0.893241942,0.295719832,0.824561417,0.736532807,0.243839175,0.502557874,1.138469934,0.347283006,0.668941081,3.381578922,3.020568132,0.543543518,0.75374496,0.543521821,2063,-0.056389034,0.243839175,0.999785304,0.73797816,0.014178482,0.751278937,1002155.918,720687.574
26,F18-1111,1,Mombaza,Villa Paola,9/18/2018,1002260.365,720630.788,635.315,-77.03258824,2.041113687,60.84,29.5,91.99,12,44,50,0.73,44.1552,18.72,70.54,10.92,893,1085,1203,3303,3.698768139,1.347144485,1.108755708,0.364214361,1.215005636,0.901911914,0.328489244,0.823041499,0.742310882,0.270360291,0.46604526,0.985080838,0.304886907,0.635788441,3.044239521,2.745635986,0.505469441,0.698990345,0.505451024,2100,-0.051573426,0.270360291,0.999779463,0.656996071,0.01734646,0.73302263,1002260.365,720630.788
27,F18-1112,2,Mombaza,Villa Paola,9/18/2018,1002268.598,720630.456,635.478,-77.0325616,2.041112607,*,*,92.34,5.6,18.6,28,0.44,20.68416,14.3,66.69,10.47,925,1132,1245,3287,3.553513527,1.345945954,1.099823356,0.378764838,1.223783731,0.909236968,0.344386965,0.817137837,0.742971897,0.281411618,0.450573713,0.925761938,0.288491428,0.621237397,2.903710365,2.640160561,0.487666905,0.675786018,0.487649232,2042,-0.047538914,0.281411618,0.999769568,0.624857128,0.021199819,0.725286841,1002268.598,720630.456
28,F18-1113,3,Mombaza,Villa Paola,9/18/2018,1002275.325,720629.799,636.172,-77.03253983,2.041110465,61.25,28.53,91.74,8.5,34.9,33,0.57,31.1916,19.89,70.34,10.71,983,1140,1253,3246,3.302136421,1.274669409,1.099122763,0.386013567,1.159715176,0.909816444,0.351201475,0.862280726,0.784517169,0.302834272,0.442987323,0.875890374,0.274707109,0.613988459,2.847368479,2.590582609,0.48016417,0.664407134,0.480146617,1993,-0.047221061,0.302834272,0.999762177,0.609528661,0.009743135,0.721493661,1002275.325,720629.799
29,F18-1114,4,Mombaza,Villa Paola,9/18/2018,1002287.513,720627.638,636.187,-77.03250039,2.041103431,*,*,91.87,5.3,19.5,32,0.49,19.47644,15.82,68.99,10.13,868,1009,1157,3027,3.487327099,1.332949281,1.146679878,0.382226616,1.162442446,0.872082949,0.333333343,0.860257685,0.750216067,0.286752552,0.44694072,0.90834403,0.283677191,0.617775679,3,2.616248846,0.5,0.670331001,0.499980181,1870,-0.068328716,0.286752552,0.999747515,0.617482305,-0.001731388,0.72347039,1002287.513,720627.638
30,F18-1115,5,Mombaza,Villa Paola,9/18/2018,1002301.83,720629.271,637.208,-77.03245406,2.041108747,63.96,33.13,92.22,8.1,30.1,44,0.54,29.87928,13.39,68.41,11.25,809,974,1101,3134,3.873918533,1.360939384,1.130390167,0.351308227,1.203955531,0.88465029,0.310784936,0.830595493,0.73478657,0.25813657,0.480047226,1.045202374,0.321504265,0.64869529,3.217659235,2.846503258,0.525803328,0.719985843,0.525782824,2033,-0.061204821,0.25813657,0.999775827,0.687158287,0.009849663,0.740023613,1002301.83,720629.271
31,F18-1116,1,Angleton,Atoca,9/19/2018,1001287.667,718739.228,633.853,-77.03573596,2.030955388,74.98,44.14,93.87,25,37,14,0.37,93.87,3,37.83,14.8,1024,1260,1406,3208,3.1328125,1.373046875,1.115872979,0.438279301,1.23046875,0.896159291,0.392768085,0.812698424,0.728307247,0.319202006,0.390550494,0.725419998,0.233117729,0.561721265,2.546031713,2.281650066,0.435989261,0.585762262,0.435973644,1802,-0.05476369,0.319202006,0.999726772,0.510513186,0.018181818,0.695275247,1001287.667,718739.228
32,F18-1117,2,Angleton,Atoca,9/19/2018,1001305.52,718741.606,632.79,-77.03567819,2.030963131,*,*,92.7,3.4,4.2,8,0.35,12.6072,3.18,44.35,13.89,996,1199,1335,2994,3.006024122,1.340361476,1.113427877,0.445891798,1.203815222,0.898127317,0.400467604,0.830692232,0.746067405,0.332665324,0.383229375,0.694214106,0.224492565,0.554108679,2.497080803,2.242696524,0.428094447,0.574777663,0.428078085,1659,-0.053670086,0.332665324,0.999702215,0.497563571,0.0141679,0.691614687,1001305.52,718741.606
33,F18-1118,3,Angleton,Atoca,9/19/2018,1001315.09,718727.309,633.098,-77.03564722,2.030916584,72.82,42.19,93.65,14.2,21.8,14,0.37,53.1932,3.1,39.06,15.84,972,1170,1325,2931,3.015432119,1.363168716,1.132478595,0.452064157,1.203703761,0.883018851,0.399181157,0.830769241,0.733584881,0.331627429,0.377349615,0.681376576,0.220944315,0.547936261,2.505128145,2.212075472,0.429407448,0.565957963,0.429390699,1606,-0.062124249,0.331627429,0.999691606,0.487304777,0.009273237,0.688674808,1001315.09,718727.309
34,F18-1119,4,Angleton,Atoca,9/19/2018,1001322.628,718711.9,633.045,-77.03562283,2.030866417,73.62,43.11,93.72,15,20.9,15,0.38,56.232,2.6,37.36,19.03,953,1162,1313,2860,3.00104928,1.37775445,1.129948378,0.459090918,1.219307423,0.884996176,0.40629372,0.82013768,0.725818753,0.333216786,0.370716512,0.664300323,0.216224521,0.54090941,2.46127367,2.178217888,0.42217803,0.55600816,0.422161222,1547,-0.0610101,0.333216786,0.999679029,0.475878626,0.012636165,0.685358226,1001322.628,718711.9
35,F18-1120,5,Angleton,Atoca,9/19/2018,1001337.781,718695.929,632.516,-77.0355738,2.030814419,74.27,44,93.84,33,45.8,27,0.35,123.8688,3.1,37.69,16.9,980,1181,1321,2735,2.790816307,1.347959161,1.118543625,0.482998163,1.205102086,0.894019663,0.431809872,0.829805255,0.741862237,0.35831809,0.348619342,0.592061639,0.196258053,0.517001867,2.315834045,2.070401192,0.396833509,0.522864521,0.396817297,1414,-0.055955235,0.35831809,0.999646842,0.438888878,0.013081707,0.674309671,1001337.781,718695.929
36,F18-1121,1,Mombaza,Atoca,9/19/2018,1001317.922,718644.677,631.448,-77.03563806,2.030647562,75.37,46.02,91.92,44.2,97.5,51,0.37,162.51456,3.95,44.79,11.18,962,1166,1358,2855,2.967775583,1.411642432,1.16466558,0.475656748,1.212058187,0.858615637,0.408406317,0.825042903,0.708394706,0.336952716,0.355328739,0.625200272,0.205417424,0.524343371,2.448542118,2.102356434,0.42004478,0.532929897,0.420028061,1497,-0.076069728,0.336952716,0.99966687,0.449950486,0.002579536,0.677664399,1001317.922,718644.677
37,F18-1122,2,Mombaza,Atoca,9/19/2018,1001307.316,718637.034,631.406,-77.03567238,2.030622679,76.23,47.45,91.83,75.7,151,73,0.35,278.06124,3.82,43.91,10.41,994,1172,1414,2949,2.96680069,1.422535181,1.206484675,0.479484558,1.179074407,0.828854322,0.39742285,0.848122895,0.702970326,0.337063402,0.351822138,0.617034912,0.203160569,0.520515501,2.51621151,2.085572958,0.431206018,0.527672768,0.431189269,1535,-0.09358082,0.337063402,0.999674857,0.444151223,-0.013468013,0.675911069,1001307.316,718637.034
38,F18-1123,3,Mombaza,Atoca,9/19/2018,1001298.497,718637.297,631.189,-77.03570092,2.030623535,72.73,43.03,91.74,19.9,44.1,60,0.4,73.02504,6.24,48.57,11.78,954,1156,1337,2824,2.960167646,1.401467562,1.156574368,0.473441929,1.211740017,0.864622295,0.409348428,0.825259507,0.713537753,0.337818682,0.357366025,0.629134536,0.206504837,0.52655822,2.442906618,2.112191439,0.419095486,0.535984635,0.419078648,1487,-0.072603293,0.337818682,0.999664783,0.453338027,0.004562242,0.678682983,1001298.497,718637.297
39,F18-1124,4,Mombaza,Atoca,9/19/2018,1001288.924,718641.91,630.512,-77.0357319,2.030638553,73.58,44.96,92.01,63.8,135.4,108,0.4,234.80952,4.83,41.34,12.65,981,1151,1406,2814,2.868501425,1.433231354,1.221546531,0.499644637,1.173292518,0.81863445,0.409026295,0.852302372,0.697724044,0.348614067,0.333649278,0.566384077,0.189160869,0.500355363,2.444830656,2.001422405,0.419419914,0.50041467,0.419403017,1408,-0.099726245,0.348614067,0.999644935,0.414716393,-0.018127533,0.666824639,1001288.924,718641.91
40,F18-1125,5,Mombaza,Atoca,9/19/2018,1001280.073,718645.157,630.028,-77.03576054,2.030649124,73.99,44.13,92,50,105.3,103,0.39,184,5.11,42.64,11.59,994,1188,1398,2766,2.782696247,1.406438589,1.176767707,0.505423009,1.195170999,0.849785388,0.429501086,0.83670032,0.711015761,0.359363705,0.328530252,0.546887636,0.183772162,0.49457702,2.328282833,1.978540778,0.399089515,0.49273622,0.399073392,1368,-0.081206493,0.359363705,0.999634624,0.406606108,-0.003355705,0.664265156,1001280.073,718645.157
41,F18-1126,1,Mulato II,Atoca,9/19/2018,1001340.844,718669.919,633.684,-77.03556388,2.030729739,74.85,37.85,92.86,72.1,116.4,37,0.36,267.80824,3.82,43.6,9.77,875,1061,1216,2715,3.102857113,1.389714241,1.1460886,0.447882146,1.212571383,0.872532904,0.390791893,0.82469368,0.719572365,0.322283596,0.381327897,0.700031042,0.22610034,0.552118361,2.558906794,2.23273015,0.438029647,0.571919143,0.43801111,1499,-0.068072021,0.322283596,0.999670148,0.494232357,0.007358177,0.690663934,1001340.844,718669.919
42,F18-1127,2,Mulato II,Atoca,9/19/2018,1001330.105,718673.625,632.321,-77.03559863,2.030741805,72.74,37.31,93.63,91.6,148.9,40,0.34,343.06032,3.79,42.6,11.43,923,1090,1277,2567,2.781148434,1.383531928,1.171559691,0.497467875,1.180931687,0.853563011,0.424620181,0.846789002,0.722787797,0.359563679,0.335587919,0.562253594,0.188019246,0.502532125,2.355045795,2.010179996,0.403882951,0.503316402,0.403865308,1290,-0.079002954,0.359563679,0.99961251,0.417808235,-0.00456621,0.667793989,1001330.105,718673.625
43,F18-1128,3,Mulato II,Atoca,9/19/2018,1001318.926,718672.017,631.125,-77.03563481,2.03073657,73,37.5,93.91,50.8,87.2,35,0.4,190.82512,3.64,45.46,11.96,922,1086,1284,2557,2.773318768,1.392624736,1.182320476,0.502150953,1.177874207,0.84579438,0.424716473,0.848987103,0.71806854,0.360578805,0.331424117,0.552331567,0.185276821,0.497849047,2.354511976,1.991433024,0.40378809,0.497071445,0.403770357,1273,-0.083544306,0.360578805,0.999607325,0.41118142,-0.007766103,0.665712059,1001318.926,718672.017
44,F18-1129,4,Mulato II,Atoca,9/19/2018,1001314.82,718687.013,630.014,-77.0356481,2.030785395,72.62,36.12,93.31,32.3,63.2,33,0.32,120.55652,5.13,47.61,11.46,905,1104,1245,2605,2.878453016,1.375690579,1.127717376,0.477927059,1.219889522,0.886747003,0.423800379,0.819746375,0.726907611,0.347408831,0.353246748,0.611457109,0.20161888,0.52207303,2.359601498,2.092369556,0.404691279,0.529801309,0.404673845,1360,-0.060025543,0.347408831,0.999633133,0.446502477,0.013308858,0.676623404,1001314.82,718687.013
45,F18-1130,5,Mulato II,Atoca,9/19/2018,1001304.612,718685.459,629.985,-77.03568113,2.030780334,75.36,40.08,93.82,226.8,379.6,60,0.42,851.13504,3.83,40.16,10.25,860,1075,1239,2632,3.060465097,1.44069767,1.152558088,0.470744669,1.25,0.86763519,0.408434659,0.800000012,0.694108129,0.326747715,0.359855324,0.6448313,0.210843369,0.529255509,2.448372126,2.124293804,0.420016199,0.539713264,0.41999808,1393,-0.070872948,0.326747715,0.999642372,0.457495749,0.012002824,0.679927647,1001304.612,718685.459
46,F18-1131,1,Toledo,Atoca,9/19/2018,1001274.222,718689.778,624.914,-77.03577947,2.030794396,79.35,48.16,94.74,83.5,161,60,0.29,316.4316,2.48,36.79,7.43,985,1181,1351,2772,2.814213276,1.371573567,1.143945813,0.487373739,1.198984742,0.874167264,0.426046163,0.834038973,0.729089558,0.35533911,0.344651967,0.585634828,0.194481701,0.51262629,2.347163439,2.051813364,0.402479142,0.516915262,0.40246284,1421,-0.067140602,0.35533911,0.999648392,0.432415277,0.00553427,0.672325969,1001274.222,718689.778
47,F18-1132,2,Toledo,Atoca,9/19/2018,1001271.877,718701.513,624.317,-77.03578706,2.030832602,82.57,51.36,94.4,104.8,159.4,105,0.32,395.7248,1.86,33.54,11.95,953,1140,1352,2740,2.87513113,1.418677807,1.185964942,0.493430644,1.196222425,0.84319526,0.416058391,0.835964918,0.704881668,0.347810209,0.33919844,0.579450607,0.192772418,0.506569326,2.403508663,2.026627302,0.412371129,0.508735478,0.412354141,1388,-0.085072234,0.347810209,0.999639869,0.423596561,-0.005452563,0.669599235,1001271.877,718701.513
48,F18-1133,3,Toledo,Atoca,9/19/2018,1001269.211,718715.795,623.874,-77.03579569,2.030879101,76.84,44.21,94.51,55.7,127.4,50,0.38,210.56828,3.93,43.44,10.62,921,1152,1374,2654,2.881650448,1.491856694,1.192708373,0.517709136,1.250814319,0.838427961,0.434061795,0.799479187,0.670305669,0.347023368,0.317775577,0.532189488,0.179709658,0.482290953,2.303819418,1.931586623,0.394640028,0.476604193,0.394623458,1280,-0.087885983,0.347023368,0.999609947,0.389815331,0.001956947,0.658887804,1001269.211,718715.795
49,F18-1134,4,Toledo,Atoca,9/19/2018,1001260.17,718727.393,623.556,-77.03582494,2.03091686,78.5,46.72,94.17,94.5,211.2,85,0.37,355.9626,2.54,39.31,8.71,986,1169,1380,2734,2.772819519,1.399594307,1.180496097,0.504754961,1.185598373,0.84710145,0.427578628,0.84345597,0.714492738,0.360643744,0.32912007,0.547232509,0.183867469,0.495245069,2.338751078,1.981159449,0.400973618,0.493620127,0.400957197,1354,-0.08277756,0.360643744,0.999630809,0.407536656,-0.005952381,0.66456002,1001260.17,718727.393
50,F18-1135,5,Toledo,Atoca,9/19/2018,1001239.594,718725.568,623.38,-77.03589153,2.030910917,77.21,43.79,93.78,50.4,104.9,74,0.35,189.06048,2.92,45.2,8.47,954,1133,1309,2854,2.991614342,1.3721174,1.155339837,0.458654523,1.187631011,0.865546227,0.396986693,0.842012346,0.728800595,0.334267706,0.371126592,0.664273024,0.216216967,0.541345775,2.518976212,2.180290222,0.431652874,0.556623042,0.431635559,1545,-0.072072074,0.334267706,0.999678612,0.47658062,0.000662398,0.685563266,1001239.594,718725.568
51,F18-1136,1,Angleton,Pinar del rio,9/19/2018,994779.308,708299.658,643.193,-77.07279603,1.572967164,72.55,41.55,93.82,49.5,81.2,85,0.29,185.7636,4.19,41.31,13.14,1019,1221,1425,2562,2.514229536,1.398429871,1.167076111,0.556206107,1.198233604,0.856842101,0.476580799,0.834561825,0.715087712,0.397736132,0.285176814,0.430327922,0.151555538,0.443794519,2.098280191,1.797894716,0.354480565,0.427711606,0.354465574,1137,-0.077097505,0.397736132,0.999565899,0.340855956,-0.000409333,0.642588437,994779.308,708299.658
52,F18-1137,2,Angleton,Pinar del rio,9/19/2018,994769.048,708290.357,643.31,-77.07282923,1.57293688,90.09,53.69,78.34,11.4,17.8,45,0.21,35.72304,4.53,48.92,16.33,955,1142,1282,2392,2.504712105,1.342408419,1.122591972,0.535953164,1.19581151,0.890795648,0.477424741,0.836252213,0.74492979,0.399247497,0.30212304,0.464110464,0.160892889,0.464047104,2.094570875,1.865834594,0.353706837,0.453122884,0.353690833,1110,-0.057755776,0.399247497,0.999551952,0.365955591,0.01039593,0.651061535,994769.048,708290.357
53,F18-1138,3,Angleton,Pinar del rio,9/19/2018,994767.582,708277.699,643.286,-77.07283397,1.572895669,71.18,42.1,93.58,56.4,88.5,50,0.31,211.11648,4.43,39.45,14.41,968,1147,1319,2497,2.579545498,1.362603307,1.149956465,0.528233886,1.184917331,0.86959821,0.459351212,0.843940735,0.733889282,0.387665212,0.308700204,0.484931797,0.166647807,0.471766293,2.176983356,1.893100858,0.370472014,0.462989658,0.370455742,1178,-0.06974858,0.387665212,0.999576986,0.37590003,0.001528051,0.654350102,994767.582,708277.699
54,F18-1139,4,Angleton,Pinar del rio,9/19/2018,994757.526,708265.997,642.95,-77.07286651,1.572857572,77.1,46.92,93.81,36.4,48.9,60,0.25,136.58736,2.69,39.37,11.59,1007,1167,1333,2455,2.437934399,1.323733807,1.142245054,0.542973518,1.158887744,0.87546885,0.47535643,0.862896323,0.755438864,0.410183311,0.296198517,0.445601493,0.155777082,0.457026839,2.103684664,1.841710448,0.355604649,0.44423914,0.355588943,1122,-0.066399999,0.410183311,0.999557734,0.357096314,-0.001283697,0.648099244,994757.526,708265.997
55,F18-1140,5,Angleton,Pinar del rio,9/19/2018,994756.706,708291.153,642.779,-77.07286916,1.572939471,71.45,40.6,93.38,25.5,46.7,40,0.31,95.2476,4.99,44.44,13.33,891,1020,1162,2174,2.439954996,1.304152608,1.139215708,0.534498632,1.144781113,0.877796888,0.46918124,0.873529434,0.76678139,0.409843594,0.303357303,0.460258335,0.159828171,0.465501666,2.131372452,1.870912194,0.361302435,0.454967767,0.361284345,1012,-0.065077908,0.409843594,0.999508381,0.367812932,-0.003176154,0.651678681,994756.706,708291.153
56,F18-1141,1,B.decumbes,Pinar del rio,9/19/2018,994777.469,708231.75,642.889,-77.07280197,1.572746076,74.55,42.36,93.8,71.7,163.7,60,0.5,269.0184,5.06,38.73,9.01,1037,1192,1380,2543,2.452266216,1.33076179,1.157718062,0.542666137,1.149469614,0.863768101,0.468737721,0.869966447,0.751449287,0.407786071,0.296456784,0.447510034,0.156304598,0.45733422,2.133389235,1.842753649,0.361713529,0.444628507,0.361698031,1163,-0.073094867,0.407786071,0.99957329,0.357480645,-0.006873568,0.648228407,994777.469,708231.75
57,F18-1142,2,B.decumbes,Pinar del rio,9/19/2018,994766.39,708229.422,642.369,-77.07283782,1.572738496,72.9,39.67,94.27,100.2,221.5,50,0.43,377.83416,2.86,46.77,10.2,1036,1192,1425,2667,2.574324369,1.375482678,1.195469856,0.534308195,1.150579095,0.836491227,0.446944118,0.869127512,0.727017522,0.388451457,0.30351907,0.473631054,0.16352433,0.465692014,2.237416029,1.871578932,0.382223368,0.455222964,0.382207543,1242,-0.089033246,0.388451457,0.999599397,0.368056625,-0.015892673,0.651759505,994766.39,708229.422
58,F18-1143,3,B.decumbes,Pinar del rio,9/19/2018,994752.041,708224.607,642.484,-77.07288425,1.572722816,73.36,38.62,94.03,31.6,56.8,60,0.22,118.85392,2.86,47.79,8.52,980,1221,1434,2691,2.745918274,1.4632653,1.174447179,0.532887399,1.245918393,0.85146445,0.453734666,0.802620828,0.683403075,0.364176899,0.304727286,0.491758913,0.1685348,0.467112809,2.203931093,1.876569033,0.375766873,0.457035512,0.375751525,1257,-0.080225989,0.364176899,0.999604046,0.369879186,0.005766063,0.652363658,994752.041,708224.607
59,F18-1144,4,B.decumbes,Pinar del rio,9/19/2018,994743.093,708212.97,642.471,-77.07291321,1.57268493,72.05,39.24,94.32,76,171.3,65,0.3,286.7328,3.63,44.39,8.71,1022,1238,1496,2583,2.527397156,1.463796496,1.208400607,0.579171479,1.211350322,0.8275401,0.479287654,0.825525045,0.68315506,0.395663947,0.266486883,0.393412977,0.1413524,0.420829713,2.086429834,1.726604223,0.352002084,0.39968133,0.351987362,1087,-0.094367228,0.395663947,0.999551654,0.31400314,-0.008410092,0.633243442,994743.093,708212.97
60,F18-1145,5,B.decumbes,Pinar del rio,9/19/2018,994732.19,708204.415,642.92,-77.07294848,1.572657076,68.1,35.67,94.86,90.2,228.9,65,0.44,342.25488,3.6,47.46,9.36,1013,1227,1435,2510,2.477788687,1.416584373,1.169519186,0.57171315,1.211253643,0.855052292,0.488844633,0.825590849,0.705923319,0.403585643,0.272496819,0.40145269,0.143574536,0.428287864,2.045639753,1.749128938,0.343323529,0.408693463,0.343308836,1075,-0.078136742,0.403585643,0.999544561,0.322546363,0.00122399,0.63624841,994732.19,708204.415
61,F18-1146,1,B.humidicola,Pinar del rio,9/19/2018,994787.375,708294.505,641.962,-77.07276992,1.572950387,75.24,40.15,93.68,24.4,48.3,35,0.36,91.43168,2.78,49.42,11.12,947,1144,1347,2400,2.534318924,1.422386527,1.177447557,0.561249971,1.208025336,0.849294722,0.476666659,0.827797174,0.703043818,0.394583344,0.281024814,0.423604459,0.149697199,0.438750774,2.09790206,1.781737208,0.354401797,0.421480983,0.354385823,1053,-0.081493378,0.394583344,0.999532402,0.33481729,-0.001309472,0.640512407,994787.375,708294.505
62,F18-1147,2,B.humidicola,Pinar del rio,9/19/2018,994784.716,708284.162,642.14,-77.07277853,1.572916714,72.33,39.43,93.99,10.1,26.9,20,0.34,37.97196,3.04,45.35,13.77,935,1115,1318,2327,2.488770008,1.409625649,1.182062745,0.566394508,1.192513347,0.845978737,0.479157716,0.838565052,0.709408224,0.401804894,0.27681756,0.411112994,0.1462446,0.433606446,2.086995602,1.765553832,0.352120847,0.415169388,0.352104515,1009,-0.083436087,0.401804894,0.999513328,0.328741461,-0.005130493,0.63840878,994784.716,708284.162
63,F18-1148,3,B.humidicola,Pinar del rio,9/19/2018,994789.215,708269.221,642.29,-77.07276397,1.572868069,79.79,43.7,93.53,12,17.1,20,0.18,44.8944,2.51,45.88,10.69,907,1066,1248,2358,2.599779606,1.375964761,1.170731664,0.529262066,1.175303221,0.854166687,0.452078044,0.850844264,0.726762831,0.384647995,0.30782029,0.485018164,0.166671678,0.470738083,2.212007523,1.889423132,0.377336442,0.461666435,0.377318829,1110,-0.078651689,0.384647995,0.999551177,0.37456286,-0.005365057,0.65391016,994789.215,708269.221
64,F18-1149,4,B.humidicola,Pinar del rio,9/19/2018,994798.258,708261.86,642.738,-77.07273471,1.572844107,74.9,43.74,94.23,38.8,62.6,30,0.3,146.24496,1.86,39.13,19.8,917,1111,1293,2519,2.747001171,1.410032749,1.163816333,0.513298929,1.211559415,0.859242082,0.441048026,0.825382531,0.709203422,0.364033341,0.321615964,0.52839148,0.178659901,0.486701101,2.267326832,1.948182464,0.387878776,0.482360661,0.387861699,1226,-0.075707152,0.364033341,0.999592543,0.395773083,0.002707581,0.660807967,994798.258,708261.86
65,F18-1150,5,B.humidicola,Pinar del rio,9/19/2018,994805.892,708252.308,642.611,-77.07271,1.572813008,69.88,37.15,93.91,38,98.2,35,0.47,142.7432,3.18,49.52,14.09,922,1139,1321,2629,2.851409912,1.432754874,1.159789324,0.502472401,1.235357881,0.862225592,0.433244586,0.809481978,0.697956085,0.350703686,0.331139237,0.559171319,0.187167302,0.49752757,2.308165073,1.990158916,0.395435244,0.496645987,0.395418465,1308,-0.073983736,0.350703686,0.999617815,0.410729945,0.00774165,0.665569603,994805.892,708252.308
